<?xml version="1.0" encoding="UTF-8"?>
<dc>
  <o id="l1">
    <libro>
      <titulo>El resplandor</titulo>
      <editorial>Bruguera</editorial>
      <idioma>ES</idioma>
    </libro>
    <rs>
      <lr name="texto">resources/readme.txt</lr>
      <lr name="imagen">resources/portada.jpg</lr>
      <url name="descripcion">https://es.wikipedia.org/wiki/El_resplandor_(novela)</url>
    </rs>
    <rels>
      <rel ref="a1" name="autor"/>
    </rels>
  </o>
  <o id="a1">
    <autor>
      <nombre>Stephen King</nombre>
      <nacionalidad>US</nacionalidad>
    </autor>
    <rs>
      <url name="wiki">https://es.wikipedia.org/wiki/Stephen_King</url>
    </rs>
  </o>
</dc>
